"key","en","es","nl","fr"
about_text,"This portal centralises all building information for property owners at Mirador del Mar in Palomares.","Este portal centraliza toda la información del edificio para los propietarios de Mirador del Mar en Palomares.","Dit portaal centraliseert alle informatie van het gebouw voor de eigenaars van Mirador del Mar in Palomares.","Ce portail centralise toutes les informations de la résidence pour les propriétaires de Mirador del Mar à Palomares."
about_title,"About Mirador del Mar","Acerca de Mirador del Mar","Over Mirador del Mar","À Propos de Mirador del Mar"
card_about_desc,"General portal information for property owners.","Información general del portal para propietarios.","Algemene informatie over de portaalsite voor eigenaars.","Informations générales sur le portail pour les propriétaires."
card_contacts_desc,"Contact details for property management and emergencies.","Datos de contacto para la administración y emergencias.","Contactgegevens voor het beheer en noodgevallen.","Coordonnées de l'administration et des services d'urgence."
card_documents_desc,"Draft building regulations ready for review and discussion.","Borrador de normas listo para revisar y debatir.","Ontwerp van het reglement klaar om te bekijken en te bespreken.","Projet de règlement prêt à être examiné et débattu."
card_electricity_desc,"Details regarding meters, consumer units and infrastructure.","Detalles de contadores, interruptores e infraestructura.","Details van meters, schakelaars en infrastructuur.","Détails des compteurs, disjoncteurs et infrastructures."
card_emergency_desc,"Critical emergency numbers for Palomares & Vera region.","Números de emergencia imprescindibles para la región de Palomares y Vera.","Belangrijke alarmnummers voor de regio Palomares en Vera.","Numéros d&#x27;urgence essentiels pour la région de Palomares et Vera."
card_garage_desc,"Nice Spin motor operations, emergency manual opening, and remotes.","Funcionamiento del motor «Nice Spin», apertura manual de emergencia y mandos a distancia.","Goede werking van de Spin-motor, handmatige noodontgrendeling en afstandsbedieningen.","Fonctionnement du moteur « Nice Spin », ouverture manuelle d&#x27;urgence et télécommandes."
card_insurance_desc,"The official building insurance document for Mirador del Mar.","El documento oficial del seguro de Mirador del Mar.","Het officiële verzekeringsdocument van Mirador del Mar.","Le document officiel de l'assurance de Mirador del Mar."
card_internet_desc,"Details of network infrastructure, full fibre and routers.","Detalles de la infraestructura de red, fibra y router.","Details van de netwerkinfrastructuur, glasvezel en router.","Détails de l'infrastructure réseau, fibre et routeur."
card_keys_desc,"Information on technical keys and service rooms.","Resumen de llaves y acceso a salas técnicas.","Overzicht van sleutels en toegang tot technische ruimten.","Aperçu des clés et des accès aux locaux techniques."
card_maintenance_desc,"General maintenance and cleaning information.","Información de mantenimiento general y limpieza.","Informatie over algemeen onderhoud en schoonmaak.","Informations sur l'entretien général et le nettoyage."
card_water_desc,"Details on mains supply, isolation valves and emergencies.","Detalles sobre suministro, válvulas e emergencias.","Details over watertoevoer, kranen en noodgevallen.","Détails sur l'alimentation, les vannes et les urgences."
contacts_emergency,"Emergencies: +34 123 456 789","Emergencias: +34 123 456 789","Nodgevallen: +34 123 456 789","Urgences : +34 123 456 789"
contacts_manager,"Property Manager: manager@example.com","Administrador del edificio: manager@example.com","Syndicus van het gebouw: manager@example.com","Syndic de l'immeuble : manager@example.com"
contacts_title,"Important Contacts","Contactos Importantes","Belangrijke Contacten","Contacts Importants"
doc_en,"Common Area Rules – Residence (EN)","Common Area Rules – Residence (EN)","Common Area Rules – Residence (EN)","Common Area Rules – Residence (EN)"
doc_es,"Reglamento de zonas comunes – Residencia (ES)","Reglamento de zonas comunes – Residencia (ES)","Reglamento de zonas comunes – Residencia (ES)","Reglamento de zonas comunes – Residencia (ES)"
doc_fr,"Règlement des parties communes – Résidence (FR)","Règlement des parties communes – Résidence (FR)","Règlement des parties communes – Résidence (FR)","Règlement des parties communes – Résidence (FR)"
doc_nl,"Reglement gemeenschappelijke delen – Residentie (NL)","Reglement gemeenschappelijke delen – Residentie (NL)","Reglement gemeenschappelijke delen – Residentie (NL)","Reglement gemeenschappelijke delen – Residentie (NL)"
documents_text,"Draft regulations ready to be reviewed and discussed at the next annual general meeting (AGM) of owners.","Borrador de normas listo para revisar y debatir en la próxima reunión de propietarios.","Ontwerp van het reglement klaar om na te kijken en te bespreken op de volgende algemene vergadering.","Projet de règlement prêt à être examiné et débattu lors de la prochaine assemblée générale des copropriétaires."
documents_title,"Rules and Proposals","Normas y Propuestas","Reglement en Voorstellen","Règlement et Propositions"
elec_cabinet_loc_label,"Location:","Ubicación:","Locatie:","Lieu :"
elec_cabinet_loc_value,"Outdoor, located at the entrance to the underground car park on the right-hand side.","Al aire libre, situado a la entrada del aparcamiento subterráneo, a la derecha.","Buiten, aan de rechterkant bij de ingang van de ondergrondse parkeergarage.","À l&#x27;extérieur, situé à l&#x27;entrée du parking souterrain, sur la droite."
elec_cabinet_title,"Main Electrical Cabinet & Smart Meters","Armario eléctrico principal y contadores inteligentes","Hoofdschakelkast en slimme meters","Armoire électrique principale et compteurs intelligents"
elec_garage_desc,"This control box governs multiple communal garage and pool systems:","Esta caja de control gestiona varios sistemas comunes del garaje y la piscina:","Deze schakelkast regelt diverse gemeenschappelijke garage- en zwembadsystemen:","Ce boîtier de commande gère plusieurs systèmes communs du garage et de la piscine :"
elec_garage_gate,"<strong>Garage Entrance Gate (Puerta):</strong> Circuit controlling the motorized vehicle access gate at the front of the garage.","<strong>Puerta de entrada al garaje:</strong> Circuito que controla la puerta de acceso para vehículos motorizados situada en la parte delantera del garaje.","<strong>Garagedeur (Puerta):</strong> Schakeling voor de bediening van de gemotoriseerde toegangspoort aan de voorkant van de garage.","<strong>Portail d&#x27;entrée du garage (Puerta) :</strong> Circuit commandant le portail motorisé d&#x27;accès aux véhicules situé à l&#x27;avant du garage."
elec_garage_lights,"<strong>Garage Lighting (Alumbrado):</strong> Circuit supplying the illumination for the underground car park spaces and corridors.","<strong>Iluminación del garaje (Alumbrado):</strong> Circuito que alimenta la iluminación de las plazas y los pasillos del aparcamiento subterráneo.","<strong>Garageverlichting (Alumbrado):</strong> Stroomkring die de verlichting van de parkeerplaatsen en gangen in de ondergrondse parkeergarage van stroom voorziet.","<strong>Éclairage du parking (Alumbrado) :</strong> circuit alimentant l&#x27;éclairage des places de stationnement et des couloirs du parking souterrain."
elec_garage_loc_label,"Location:","Ubicación:","Locatie:","Lieu :"
elec_garage_loc_value,"Underground car park (basement level -1), in the corridor leading to the lift.","Aparcamiento subterráneo (planta -1), en el pasillo que lleva al ascensor.","Ondergrondse parkeergarage (kelderverdieping -1), in de gang die naar de lift leidt.","Parking souterrain (niveau -1), dans le couloir menant à l&#x27;ascenseur."
elec_garage_title,"Garage Electrical Panel & Swimming Pool Pumps","Cuadro eléctrico del garaje y bombas de la piscina","Elektriciteitskast in de garage en zwembadpompen","Tableau électrique du garage et pompes de piscine"
elec_panel_a_bot_header,"Bottom Row Components:","Componentes de la fila inferior:","Onderste rij:","Composants de la rangée du bas :"
elec_panel_a_depuradora,"Filtration Plant (Depuradora): Pool filtration plant / pump control circuit.","Planta de filtración (depuradora): Planta de filtración de la piscina / circuito de control de las bombas.","Filtratie-installatie (Depuradora): Filtratie-installatie voor zwembaden / regelcircuit voor pompen.","Station de filtration (Depuradora) : Station de filtration de la piscine / circuit de commande des pompes."
elec_panel_a_elevator,"Elevator (Ascensor): Elevator / lift power supply circuit (labeled on the lower frame).","Ascensor: Circuito de alimentación del ascensor (indicado en el marco inferior).","Lift (Ascensor): Stroomvoorzieningscircuit van de lift (aangegeven op het onderste frame).","Ascenseur (Ascensor) : circuit d&#x27;alimentation électrique de l&#x27;ascenseur (indiqué sur le châssis inférieur)."
elec_panel_a_fermax,"Intercom Power Supply (Fermax 8787): Electronic door keeper power supply unit (<em>Alimentador Portero Electronico</em>) providing low-voltage DC power for the building's intercom and door-release system.","Fuente de alimentación para el interfono (Fermax 8787): Fuente de alimentación <em>para el</em> portero<em> electrónico</em> que suministra corriente continua de baja tensión al sistema de interfono y apertura de puertas del edificio.","Voeding voor intercom (Fermax 8787): Elektronische voedingseenheid voor de deurhouder (<em>Alimentador Portero Electronico</em>) die laagspanningsgelijkstroom levert voor het intercom- en deuropeningssysteem van het gebouw.","Alimentation pour interphone (Fermax 8787) : bloc d&#x27;alimentation pour portier électronique (<em>Alimentador Portero Electronico</em>) fournissant une alimentation en courant continu basse tension au système d&#x27;interphone et de déverrouillage de porte de l&#x27;immeuble."
elec_panel_a_fountain,"Fountain (Fuente): Fountain circuit (pool water feature or decorative fountain pump).","Fuente: Circuito de la fuente (sistema de agua de la piscina o bomba de la fuente decorativa).","Fontein (Fuente): Fonteincircuit (waterornament voor het zwembad of pomp voor een decoratieve fontein).","Fontaine (Fuente) : circuit de fontaine (jeu d&#x27;eau pour bassin ou pompe de fontaine décorative)."
elec_panel_a_laundry,"Laundry Area (Lavanderia): Laundry area circuit (supplying washing machine or communal utility outlets).","Zona de lavandería (Lavandería): Circuito de la zona de lavandería (que alimenta la lavadora o las tomas de corriente comunes).","Wasruimte (Lavanderia): Aansluitcircuit voor de wasruimte (voor de wasmachine of gemeenschappelijke stopcontacten).","Espace buanderie (Lavanderia) : circuit de l&#x27;espace buanderie (alimentant le lave-linge ou les prises électriques communes)."
elec_panel_a_lighting,"Lighting (Alumbrado): Common area lighting circuit for the internal hallways and stairwells on this floor.","Iluminación (Alumbrado): Circuito de iluminación de las zonas comunes para los pasillos interiores y las escaleras de esta planta.","Verlichting (Alumbrado): Verlichtingscircuit voor de gemeenschappelijke ruimtes, namelijk de binnengangen en trappenhuizen op deze verdieping.","Éclairage (Alumbrado) : circuit d&#x27;éclairage des parties communes pour les couloirs intérieurs et les cages d&#x27;escalier de cet étage."
elec_panel_a_loc_label,"Location:","Ubicación:","Locatie:","Lieu :"
elec_panel_a_loc_value,"Hidden behind the large poster on the wall directly in front of the entry door. Remove the poster to access the box.","Está escondida detrás del gran cartel que hay en la pared, justo enfrente de la puerta de entrada. Quita el cartel para acceder a la caja.","Verborgen achter de grote poster aan de muur, recht tegenover de voordeur. Haal de poster weg om bij de doos te komen.","Caché derrière la grande affiche accrochée au mur, juste en face de la porte d&#x27;entrée. Retirez l&#x27;affiche pour accéder à la boîte."
elec_panel_a_mid_header,"Middle Row Circuit Breakdown:","Desglose del circuito de la fila central:","Overzicht van de middelste rij:","Analyse du circuit de la rangée du milieu :"
elec_panel_a_pool_lights,"Pool & Exterior Lighting (Luz Piscina / Luz Exterior): Pool lighting and outdoor perimeter lighting circuits.","Iluminación de piscinas y exteriores (Luz de piscina / Luz exterior): Circuitos de iluminación de piscinas y de iluminación perimetral exterior.","Zwembad- en buitenverlichting (Luz Piscina / Luz Exterior): Stroomcircuits voor zwembadverlichting en buitenverlichting rondom het terrein.","Éclairage de piscine et extérieur (Luz Piscina / Luz Exterior) : circuits d&#x27;éclairage de piscine et d&#x27;éclairage périphérique extérieur."
elec_panel_a_portero,"Intercom System (Portero): Intercom system power supply. Feeds the Fermax electronic door keeper power supply unit located directly on the right side of the bottom row.","Sistema de intercomunicación (Portero): Fuente de alimentación del sistema de intercomunicación. Alimenta la fuente de alimentación del portador electrónico Fermax, situada justo a la derecha de la fila inferior.","Intercomsysteem (Portero): Voeding voor het intercomsysteem. Voorziet de elektronische deurvergrendeling van Fermax van stroom; deze bevindt zich direct aan de rechterkant van de onderste rij.","Système d&#x27;interphone (Portero) : alimentation électrique du système d&#x27;interphone. Alimente le bloc d&#x27;alimentation du gâche électrique Fermax situé directement à droite de la rangée du bas."
elec_panel_a_restroom_lights,"Restroom Lighting (Luz Aseos): Toilets/bathrooms lighting circuit for communal or service washrooms.","Iluminación de aseos (Luz Aseos): Circuito de iluminación para aseos o baños comunes o de servicio.","Verlichting van sanitaire ruimtes (Luz Aseos): Verlichtingscircuit voor toiletten/badkamers in gemeenschappelijke of diensttoiletten.","Éclairage des sanitaires (Luz Aseos) : circuit d&#x27;éclairage des toilettes/salles de bains destiné aux sanitaires collectifs ou de service."
elec_panel_a_riti,"Telecommunications Infrastructure (RITI): Telecommunications infrastructure power supply (ICT / <em>Registro de Infraestructuras de Telecomunicacion</em>). Powers the building's central telecom and TV distribution amplifiers.","Infraestructura de telecomunicaciones (RITI): Suministro eléctrico de la infraestructura de telecomunicaciones (TIC / <em>Registro de Infraestructuras de Telecomunicaciones</em>). Suministra energía a los amplificadores centrales de distribución de telecomunicaciones y televisión del edificio.","Telecommunicatie-infrastructuur (RITI): Stroomvoorziening voor de telecommunicatie-infrastructuur (ICT / <em>Registro de Infraestructuras de Telecomunicación</em>). Voorziet de centrale telecommunicatie- en tv-versterkers van het gebouw van stroom.","Infrastructure de télécommunications (RITI) : Alimentation électrique de l&#x27;infrastructure de télécommunications (TIC / <em>Registre des infrastructures de télécommunications</em>). Alimente les amplificateurs centraux de distribution des signaux de télécommunications et de télévision du bâtiment."
elec_panel_a_scope_label,"Panel Scope:","Ámbito del panel:","Toepassingsgebied van het paneel:","Portée du groupe d&#x27;experts :"
elec_panel_a_scope_value,"Common Indoor Services, Telecommunications, Lighting & Pool/Utility Controls.","Servicios comunes en interiores, telecomunicaciones, iluminación y controles de piscinas y servicios públicos.","Algemene voorzieningen voor binnenruimtes, telecommunicatie, verlichting en besturing van zwembaden en technische installaties.","Services communs en intérieur, télécommunications, éclairage et commandes de piscine/équipements techniques."
elec_panel_a_title,"First Floor Electrical Panel A","Cuadro eléctrico A de la primera planta","Elektriciteitskast A op de eerste verdieping","Tableau électrique A du premier étage"
elec_panel_a_top_header,"Top Row Circuit Breakdown:","Desglose del circuito de la fila superior:","Overzicht van de bovenste rij:","Analyse du circuit de la rangée du haut :"
elec_panel_b_audio,"Audio & Extractor Hood (Audio / Campana): Audio systems and kitchen extractor hood circuits.","Audio y campana extractora (Audio / Campana): Circuitos de los sistemas de audio y de las campanas extractoras de cocina.","Audio &amp; afzuigkap (Audio / Campana): Audiosystemen en elektrische circuits van keukenafzuigkappen.","Système audio et hotte aspirante (Audio / Campana) : circuits des systèmes audio et des hottes aspirantes de cuisine."
elec_panel_b_bar_lights,"Bar Lighting / Lounge Lighting (Al. Barra / Al. Salon): Lighting circuits for the main lounge/living area.","Iluminación del bar / Iluminación del salón (Al. Barra / Al. Salón): Circuitos de iluminación para el salón principal o la zona de estar.","Barverlichting / Loungeverlichting (Al. Barra / Al. Salon): Verlichtingscircuits voor de hoofdlounge/woonruimte.","Éclairage du bar / Éclairage du salon (Al. Barra / Al. Salon) : circuits d&#x27;éclairage pour le salon principal."
elec_panel_b_bot_header,"Bottom Row Circuit Breakdown (Appliances & Heavy Loads):","Fallo en el circuito de la fila inferior (electrodomésticos y cargas pesadas):","Overbelasting van de onderste rij (huishoudelijke apparaten en zware belastingen):","Défaillance d&#x27;un disjoncteur de la rangée inférieure (appareils électroménagers et charges importantes) :"
elec_panel_b_coffee,"Coffee Machine (Cafetera): Dedicated circuit for the coffee machine or kitchen utility outlets.","Cafetera: Circuito específico para la cafetera o para las tomas de corriente de la cocina.","Koffiezetapparaat (Cafetera): Aparte stroomkring voor het koffiezetapparaat of de stopcontacten in de keuken.","Machine à café (Cafetera) : circuit dédié à la machine à café ou aux prises de courant de la cuisine."
elec_panel_b_diffs,"General Differential / Power Differential / Lighting Differential (Diferencial General / Diferencial Fuerza / Diferencial Alumbrado): Main residual current circuit breakers (RCDs) providing earth-leakage protection for general lines, power outlets, and lighting circuits.","Diferencial general / Diferencial de potencia / Diferencial de iluminación (Diferencial General / Diferencial de Fuerza / Diferencial de Alumbrado): Disyuntores diferenciales principales (RCD) que proporcionan protección contra fugas a tierra en las líneas generales, las tomas de corriente y los circuitos de iluminación.","Algemene aardlekbeveiliging / Vermogensaardlekbeveiliging / Verlichtingsaardlekbeveiliging (Diferencial General / Diferencial Fuerza / Diferencial Alumbrado): Hoofdaardlekbeveiligingen (RCD&#x27;s) die aardlekbeveiliging bieden voor algemene leidingen, stopcontacten en verlichtingscircuits.","Différentiel général / Différentiel de puissance / Différentiel d&#x27;éclairage (Diferencial General / Diferencial Fuerza / Diferencial Alumbrado) : disjoncteurs différentiels principaux assurant la protection contre les fuites à la terre pour les lignes générales, les prises de courant et les circuits d&#x27;éclairage."
elec_panel_b_dishwasher,"Dishwasher (Lavajillas): Dedicated circuit for the dishwasher.","Lavavajillas: Circuito específico para el lavavajillas.","Vaatwasser (Lavajillas): Eigen stroomkring voor de vaatwasser.","Lave-vaisselle (Lavajillas) : circuit électrique dédié au lave-vaisselle."
elec_panel_b_fryer,"Deep Fryer (Freidora): Dedicated high-load circuit for a deep fryer or auxiliary heavy kitchen appliance.","Freidora: Circuito específico de alta potencia para una freidora o un electrodoméstico de cocina auxiliar de gran potencia.","Friteuse (Freidora): Speciaal circuit voor zware belasting, bestemd voor een friteuse of een ander zwaar keukenapparaat.","Friteuse (Freidora) : circuit dédié à forte charge pour une friteuse ou un appareil de cuisine auxiliaire à forte consommation."
elec_panel_b_gen_lights,"General Lighting (Al. General): General lighting circuit.","Iluminación general (Al. General): Circuito de iluminación general.","Algemene verlichting (Al. General): Circuit voor algemene verlichting.","Éclairage général (Al. Général) : circuit d&#x27;éclairage général."
elec_panel_b_hob,"Ceramic Hob (Vitro): Dedicated high-load circuit for the ceramic/induction hob (cooktop).","Placa vitrocerámica (Vitro): Circuito específico de alta potencia para la placa vitrocerámica/de inducción.","Keramische kookplaat (Vitro): Speciaal circuit voor hoge belasting, bestemd voor de keramische/inductiekookplaat.","Plaque vitrocéramique (Vitro) : circuit dédié à forte charge pour la plaque vitrocéramique/à induction."
elec_panel_b_iron,"Iron / Utility (Plancha): Dedicated circuit for an iron or heavy utility appliance.","Plancha / Electrodoméstico pesado: Circuito específico para una plancha o un electrodoméstico pesado.","Strijkijzer / Huishoudelijk apparaat (Plancha): Aparte stroomkring voor een strijkijzer of een zwaar huishoudelijk apparaat.","Fer à repasser / Appareil électroménager (Plancha) : Circuit dédié à un fer à repasser ou à un appareil électroménager puissant."
elec_panel_b_loc_label,"Location:","Ubicación:","Locatie:","Lieu :"
elec_panel_b_loc_value,"First floor, located on the left-hand wall between the main entrance door and the door leading to the swimming pool.","Primera planta, situado en la pared de la izquierda, entre la puerta de entrada principal y la puerta que da a la piscina.","Eerste verdieping, aan de linkerkant tussen de hoofdingang en de deur naar het zwembad.","Au premier étage, situé sur le mur de gauche, entre la porte d&#x27;entrée principale et la porte menant à la piscine."
elec_panel_b_outlets,"Power Outlets (Enchufes): General power outlet circuits (multiple standard socket lines).","Tomas de corriente (enchufes): circuitos generales de tomas de corriente (líneas con múltiples enchufes estándar).","Stopcontacten (Enchufes): Algemene stopcontactcircuits (meerdere rijen standaardstopcontacten).","Prises électriques (Enchufes) : circuits généraux de prises électriques (rangs de prises standard multiples)."
elec_panel_b_oven,"Oven (Horno): Dedicated high-load circuit for the oven.","Horno: Circuito específico de alta carga para el horno.","Oven (Horno): Speciaal stroomcircuit voor de oven, bestemd voor zware belasting.","Four (Horno) : circuit dédié à forte charge pour le four."
elec_panel_b_scope_label,"Panel Scope:","Ámbito del panel:","Toepassingsgebied van het panel:","Portée du panel :"
elec_panel_b_scope_value,"Apartment or Main Utility Power Distribution (General Protection, Lighting, Common/Salon Circuits, Kitchen Appliances, and Heavy-Load Equipment).","Distribución eléctrica del piso o de la red principal (protección general, iluminación, circuitos comunes y del salón, electrodomésticos de cocina y equipos de alta potencia).","Stroomverdeling in het appartement of het hoofdnet (algemene beveiliging, verlichting, gemeenschappelijke/woonkamercircuits, keukenapparatuur en apparatuur met een hoog vermogen).","Appartement ou réseau de distribution électrique principal (protection générale, éclairage, circuits communs/salon, appareils électroménagers et équipements à forte consommation)."
elec_panel_b_spare,"Spare / Free (Libre): Spare/available circuit breaker.","De reserva / Libre (Libre): Interruptor automático de reserva o disponible.","Reserve / Vrij (Libre): Reserve-/beschikbare stroomonderbreker.","De réserve / Libre (Libre) : Disjoncteur de réserve/disponible."
elec_panel_b_title,"First Floor Electrical Panel B","Cuadro eléctrico B de la primera planta","Elektriciteitskast B op de eerste verdieping","Tableau électrique B du premier étage"
elec_panel_b_top_header,"Top Row Circuit Breakdown (Protection & Lighting / Salón):","Desglose de los circuitos de la fila superior (protección e iluminación / salón):","Overzicht van de bovenste rij (beveiliging en verlichting / Salón):","Détail du circuit de la rangée supérieure (Protection et éclairage / Salon) :"
elec_photo_1,"Garage electrical panel (Gate, Alumbrado, C10 & C25 pool pumps) in the car park corridor next to the lift.","Cuadro eléctrico del garaje (puerta, alumbrado, bombas de piscina C10 y C25) en el pasillo del aparcamiento, junto al ascensor.","De elektriciteitskast van de garage (poort, verlichting, zwembadpompen C10 en C25) bevindt zich in de gang van de parkeergarage naast de lift.","Tableau électrique du garage (portail, éclairage, pompes de piscine C10 et C25) situé dans le couloir du parking, à côté de l&#x27;ascenseur."
elec_photo_2,"First floor electrical panel A.","Cuadro eléctrico A de la primera planta.","Elektriciteitskast A op de eerste verdieping.","Tableau électrique A du premier étage."
elec_photo_3,"First floor electrical panel B.","Cuadro eléctrico B de la primera planta.","Elektriciteitskast B op de eerste verdieping.","Tableau électrique B du premier étage."
elec_photo_outdoor,"Main outdoor electrical cabinet containing the utility meters.","Armario eléctrico exterior principal que alberga los contadores de servicios públicos.","Hoofdschakelkast voor buiten, waarin de meters zijn ondergebracht.","Armoire électrique extérieure principale abritant les compteurs."
elec_pool_fuse_c10,"<strong>Fuse C10 (Water Jets):</strong> Dedicated circuit for the secondary water jet pump, operating with a lower electricity consumption.","<strong>Fusible C10 (chorros de agua):</strong> Circuito específico para la bomba secundaria de chorros de agua, que funciona con un menor consumo eléctrico.","<strong>Zekering C10 (waterstralen):</strong> Apart circuit voor de secundaire waterstraalpomp, dat met een lager stroomverbruik werkt.","<strong>Fusible C10 (jets d&#x27;eau) :</strong> circuit dédié à la pompe secondaire des jets d&#x27;eau, fonctionnant avec une consommation électrique réduite."
elec_pool_fuse_c25,"<strong>Fuse C25 (Filter Pump):</strong> Dedicated circuit for the main pool filtration pump, which handles the highest electricity consumption.","<strong>Fusible C25 (bomba de filtración):</strong> Circuito específico para la bomba de filtración principal de la piscina, que es la que más electricidad consume.","<strong>Zekering C25 (filterpomp):</strong> Een apart stroomcircuit voor de hoofdfilterpomp van het zwembad, die het hoogste stroomverbruik heeft.","<strong>Fusible C25 (pompe de filtration) :</strong> circuit dédié à la pompe de filtration principale de la piscine, qui représente la plus grande partie de la consommation électrique."
electricity_meters_desc,"All installed electricity meters are digital smart meters (standardized utility models equipped with an LCD display and optical interface) featuring automated remote readout and smart grid telemetry. This allows Portillo to continuously record consumption data remotely without requiring manual, on-site meter readings.","Todos los contadores eléctricos instalados son contadores inteligentes digitales (modelos normalizados equipados con una pantalla LCD y una interfaz óptica) que cuentan con lectura remota automatizada y telemetría de red inteligente. Esto permite a Portillo registrar de forma continua los datos de consumo de forma remota, sin necesidad de realizar lecturas manuales in situ.","Alle geïnstalleerde elektriciteitsmeters zijn digitale slimme meters (gestandaardiseerde modellen uitgerust met een LCD-scherm en een optische interface) met automatische aflezing op afstand en telemetrie voor slimme netwerken. Hierdoor kan Portillo continu verbruiksgegevens op afstand registreren, zonder dat er handmatige meteraflezingen ter plaatse nodig zijn.","Tous les compteurs électriques installés sont des compteurs intelligents numériques (modèles standardisés équipés d&#x27;un écran LCD et d&#x27;une interface optique) dotés d&#x27;une fonction de relevé automatisé à distance et d&#x27;une télémétrie compatible avec les réseaux intelligents. Cela permet à Portillo d&#x27;enregistrer en continu les données de consommation à distance, sans avoir besoin de procéder à des relevés manuels sur place."
electricity_meters_lbl,"Meter Technology & Reading:","Tecnología y lectura de contadores:","Metertechnologie en meterstandenopname:","Technologie des compteurs et relevés :"
electricity_provider_title,"Provider Details","Datos del proveedor","Gegevens van de aanbieder","Coordonnées du prestataire"
electricity_text,"Information regarding electrical infrastructure, meters, consumer units and supplier.","Información sobre infraestructura eléctrica, contadores, interruptores y proveedor.","Informatie over de elektrische infrastructuur, meters, schakelaars en leverancier.","Informations sur l'infrastructure électrique, les compteurs, les disjoncteurs et le fournisseur."
electricity_title,"Electricity","Electricidad","Elektriciteit","Électricité"
emergency_061,"<strong>061:</strong> Ambulance / urgent medical care","<strong>061:</strong> Ambulancia / asistencia médica urgente","<strong>061:</strong> Ambulance / spoedeisende medische hulp","<strong>061 :</strong> Ambulance / soins médicaux d&#x27;urgence"
emergency_112,"<strong>112:</strong> General emergencies (police, fire, ambulance)","<strong>112:</strong> Emergencias generales (policía, bomberos, ambulancia)","<strong>112:</strong> Algemene noodsituaties (politie, brandweer, ambulance)","<strong>112 :</strong> Urgences générales (police, pompiers, ambulance)"
emergency_fire,"<strong>Bomberos Levante Almeriense (Vera):</strong> +34 950 39 00 81","<strong>Bomberos de Levante Almeriense (Vera):</strong> +34 950 39 00 81","<strong>Brandweer Levante Almeriense (Vera):</strong> +34 950 39 00 81","<strong>Pompiers de Levante Almeriense (Vera) :</strong> +34 950 39 00 81"
emergency_fire_title,"Fire Brigade","Cuerpo de Bomberos","Brandweer","Pompiers"
emergency_general_title,"General Emergencies","Emergencias generales","Algemene noodsituaties","Urgences générales"
emergency_guardia,"<strong>Guardia Civil (Vera):</strong> +34 950 39 00 56","<strong>Guardia Civil (Vera):</strong> +34 950 39 00 56","<strong>Guardia Civil (Vera):</strong> +34 950 39 00 56","<strong>Garde civile (Vera) :</strong> +34 950 39 00 56"
emergency_healthcenter,"<strong>Centro de Salud Vera:</strong> +34 950 45 85 00","<strong>Centro de Salud Vera:</strong> +34 950 45 85 00","<strong>Gezondheidscentrum Vera:</strong> +34 950 45 85 00","<strong>Centre de santé de Vera :</strong> +34 950 45 85 00"
emergency_hospital,"<strong>Hospital La Inmaculada (Huércal-Overa):</strong> +34 950 02 00 00","<strong>Hospital La Inmaculada (Huércal-Overa):</strong> +34 950 02 00 00","<strong>Ziekenhuis La Inmaculada (Huércal-Overa):</strong> +34 950 02 00 00","<strong>Hôpital La Inmaculada (Huércal-Overa) :</strong> +34 950 02 00 00"
emergency_medical_title,"Medical","Médico","Medisch","Médical"
emergency_police_local,"<strong>Policía Local (Cuevas del Almanzora):</strong> +34 950 45 80 81","<strong>Policía Local (Cuevas del Almanzora):</strong> +34 950 45 80 81","<strong>Gemeentepolitie (Cuevas del Almanzora):</strong> +34 950 45 80 81","<strong>Police municipale (Cuevas del Almanzora) :</strong> +34 950 45 80 81"
emergency_police_title,"Police","Policía","Politie","Police"
emergency_text,"Critical emergency contacts for Palomares, Vera, and surrounding areas.","Contactos de emergencia imprescindibles para Palomares, Vera y sus alrededores.","Belangrijke contactgegevens voor noodgevallen in Palomares, Vera en de omliggende gebieden.","Coordonnées des services d&#x27;urgence à contacter en cas d&#x27;urgence à Palomares, Vera et dans les environs."
emergency_title,"Emergency Numbers","Números de emergencia","Noodnummers","Numéros d&#x27;urgence"
fob_auth_address,"<strong>Getting Access:</strong> Contact Francisca in order to have the code needed for this specific gate.","<strong>Cómo acceder:</strong> Ponte en contacto con Francisca para que te facilite el código necesario para esta verja en concreto.","<strong>Toegang krijgen:</strong> Neem contact op met Francisca om de code te krijgen die nodig is voor deze specifieke poort.","<strong>Pour y accéder :</strong> contactez Francisca afin d&#x27;obtenir le code nécessaire pour ce portillon en particulier."
fob_auth_desc,"A new key fob will not open the gate out of the box because the complex uses a secure rolling-code system. Every new remote must be registered into the central control memory.","Un mando a distancia nuevo no abrirá la verja nada más sacarlo de la caja, ya que el complejo utiliza un sistema seguro de código variable. Cada mando nuevo debe registrarse en la memoria del control central.","Een nieuwe afstandsbediening opent de poort niet direct uit de verpakking, omdat het complex gebruikmaakt van een beveiligd systeem met wisselende codes. Elke nieuwe afstandsbediening moet worden geregistreerd in het centrale besturingsgeheugen.","Un nouveau télécommande ne permettra pas d&#x27;ouvrir le portail dès sa sortie de l&#x27;emballage, car la résidence utilise un système sécurisé à code tournant. Chaque nouvelle télécommande doit être enregistrée dans la mémoire du système de contrôle central."
fob_auth_fee,"Authorisation Fee: Check with management regarding any local registration costs.","Tasa de autorización: Consulta con la dirección sobre los posibles gastos de registro locales.","Autorisatiekosten: Neem contact op met het management voor informatie over eventuele lokale registratiekosten.","Frais d&#x27;autorisation : veuillez vous renseigner auprès de la direction concernant les éventuels frais d&#x27;enregistrement locaux."
fob_auth_heading,"Authorising Your New Fob","Cómo autorizar tu nuevo mando","Uw nieuwe sleutelhanger activeren","Activation de votre nouveau porte-clés"
fob_bat_step1,"Pry open the plastic casing gently using a coin or small screwdriver along the side seam.","Abre con cuidado la carcasa de plástico con una moneda o un destornillador pequeño, siguiendo la junta lateral.","Wrik de plastic behuizing voorzichtig open met een muntstuk of een kleine schroevendraaier langs de zijnaad.","Ouvrez délicatement le boîtier en plastique à l&#x27;aide d&#x27;une pièce de monnaie ou d&#x27;un petit tournevis, en suivant la jointure latérale."
fob_bat_step2,"Remove the exhausted coin battery (Type CR2032 for ERA INTI or CR2016 for Flor-S).","Retira la pila de botón agotada (tipo CR2032 para el modelo ERA INTI o CR2016 para el modelo Flor-S).","Verwijder de lege knoopcelbatterij (type CR2032 voor ERA INTI of CR2016 voor Flor-S).","Retirez la pile bouton usagée (type CR2032 pour l&#x27;ERA INTI ou CR2016 pour le Flor-S)."
fob_bat_step3,"Insert a fresh 3V battery with the positive (+) side facing up, then snap the shell together.","Introduce una pila nueva de 3 V con el polo positivo (+) hacia arriba y, a continuación, encaja las dos mitades de la carcasa.","Plaats een nieuwe 3V-batterij met de pluspool (+) naar boven gericht en klik de behuizing vervolgens dicht.","Insérez une pile neuve de 3 V, le pôle positif (+) tourné vers le haut, puis refermez le boîtier."
fob_battery_desc,"If your fob LED is dim or fails to illuminate entirely, replace the coin battery:","Si el LED del mando a distancia tiene poca intensidad o no se enciende en absoluto, cambia la pila de botón:","Als het lampje op uw afstandsbediening zwak brandt of helemaal niet brandt, vervang dan de knoopcelbatterij:","Si la LED de votre télécommande est faible ou ne s&#x27;allume pas du tout, remplacez la pile bouton :"
fob_battery_title,"Battery Replacement","Sustitución de la batería","Batterij vervangen","Remplacement de la batterie"
fob_brand_generic,"Generic Fobs: 433.92 MHz rolling-code fobs compatible with Nice Flor-S (Approx. £7 – £10).","Mandos genéricos: mandos de código variable de 433,92 MHz compatibles con Nice Flor-S (entre 7 y 10 libras aproximadamente).","Standaardafstandsbedieningen: afstandsbedieningen met een frequentie van 433,92 MHz en rolling-code, compatibel met Nice Flor-S (ongeveer £7 – £10).","Télécommandes génériques : télécommandes à code tournant de 433,92 MHz compatibles avec le système Nice Flor-S (environ 7 à 10 £)."
fob_brand_nice,"Official Nice Fobs: <code>Nice ERA INTI 2-Channel</code> or <code>Nice Flor-S</code> (Approx. £15 – £22 on Amazon).","Llaveros oficiales de Niza: <code>Nice ERA INTI 2-Channel</code> o <code>Nice Flor-S</code> (entre 15 y 22 libras esterlinas aproximadamente en Amazon).","Officiële Nice-sleutelhangers: <code>Nice ERA INTI 2-Channel</code> of <code>Nice Flor-S</code> (ongeveer £ 15 – £ 22 op Amazon).","Porte-clés officiels de Nice : <code>Nice ERA INTI 2-Channel</code> ou <code>Nice Flor-S</code> (environ 15 à 22 £ sur Amazon)."
fob_buy_desc,"You can order compatible key fobs directly online (e.g. Amazon):","Puedes pedir mandos a distancia compatibles directamente por Internet (por ejemplo, en Amazon):","Je kunt compatibele sleutelhangers rechtstreeks online bestellen (bijvoorbeeld via Amazon):","Vous pouvez commander des télécommandes compatibles directement en ligne (par exemple sur Amazon) :"
fob_buy_heading,"Purchasing a Replacement Fob","Compra de un mando a distancia de repuesto","Een vervangende sleutelhanger kopen","Achat d&#x27;un télécommande de remplacement"
fob_how_it_works_desc,"The system extracts the remote's unique factory digital ID and uploads it directly into the memory list of the Mirador del Mar gate system. Once registered, the gate will immediately recognise your remote.","El sistema extrae el identificador digital único de fábrica del mando a distancia y lo introduce directamente en la lista de memoria del sistema de la verja del Mirador del Mar. Una vez registrado, la verja reconocerá inmediatamente tu mando a distancia.","Het systeem haalt de unieke digitale fabrieks-ID van de afstandsbediening op en voegt deze rechtstreeks toe aan de geheugenlijst van het Mirador del Mar-poortsysteem. Zodra de afstandsbediening is geregistreerd, herkent de poort deze onmiddellijk.","Le système extrait l&#x27;identifiant numérique unique attribué en usine à la télécommande et l&#x27;enregistre directement dans la liste de mémoire du système de portail Mirador del Mar. Une fois enregistrée, la télécommande sera immédiatement reconnue par le portail."
fob_how_it_works_title,"How Authorisation Works","Cómo funciona la autorización","Hoe autorisatie werkt","Fonctionnement de l&#x27;autorisation"
fob_redlight_desc,"If the red LED flashes on button press but the gate fails to respond (even with a fresh battery), the fob has lost its digital sync or its security clearance was wiped from the main receiver memory. The fob must be re-authorised.","Si el LED rojo parpadea al pulsar el botón, pero la verja no responde (ni siquiera con una pila nueva), significa que el mando ha perdido la sincronización digital o que su autorización de seguridad se ha borrado de la memoria del receptor principal. Es necesario volver a autorizar el mando.","Als het rode lampje knippert wanneer u op de knop drukt, maar de poort niet reageert (zelfs niet met een nieuwe batterij), is de digitale synchronisatie van de afstandsbediening verbroken of is de toegangsbevoegdheid uit het geheugen van de hoofdontvanger gewist. De afstandsbediening moet opnieuw worden geautoriseerd.","Si la LED rouge clignote lorsque vous appuyez sur le bouton mais que le portillon ne réagit pas (même avec une pile neuve), cela signifie que la télécommande a perdu sa synchronisation numérique ou que son autorisation a été effacée de la mémoire du récepteur principal. La télécommande doit être réautorisée."
fob_redlight_title,"Red light flashes, but the gate does not open?","¿Parpadea la luz roja, pero la barrera no se abre?","Het rode lampje knippert, maar de poort gaat niet open?","Le voyant rouge clignote, mais la barrière ne s&#x27;ouvre pas ?"
fob_replace_title,"Ordering & Authorisation Procedure","Procedimiento de pedido y autorización","Bestel- en goedkeuringsprocedure","Procédure de commande et d&#x27;autorisation"
fob_title,"Garage Key Fobs & Replacement","Mandos a distancia para garaje y recambios","Garagesleutelhangers en vervangende exemplaren","Télécommandes de garage et pièces de rechange"
fob_trouble_title,"Troubleshooting Connection","Solución de problemas de conexión","Problemen met de verbinding oplossen","Dépannage de la connexion"
fob_type_1_desc,"Nice Flor-S<br />Classic rectangular dark blue or black fob with 2 or 4 buttons.","Bonito llavero rectangular «Flor-S<br />Classic» en azul oscuro o negro, con 2 o 4 botones.","Mooie rechthoekige Flor-S<br />Classic-sleutelhanger in donkerblauw of zwart, met 2 of 4 knoppen.","Joli porte-clés rectangulaire Flor-S<br />Classic, bleu foncé ou noir, à 2 ou 4 boutons."
fob_type_2_desc,"Nice ERA INTI<br />Modern compact square fob, available in various colors.","Bonito llavero cuadrado y compacto ERA INTI<br />Modern, disponible en varios colores.","Mooie, moderne, compacte vierkante sleutelhanger van ERA INTI<br />, verkrijgbaar in verschillende kleuren.","Joli porte-clés carré compact ERA INTI<br />Modern, disponible en plusieurs couleurs."
fob_types_desc,"Two official key fob models are used across the complex:","En todo el complejo se utilizan dos modelos oficiales de llaveros electrónicos:","In het hele complex worden twee officiële modellen sleutelhangers gebruikt:","Deux modèles officiels de porte-clés sont utilisés dans l&#x27;ensemble du complexe :"
fob_types_title,"Official Fob Types","Tipos oficiales de llaveros","Officiële soorten sleutelhangers","Types officiels de porte-clés"
garage_gallery_title,"Visual Component Reference","Referencia de componentes visuales","Referentie voor visuele componenten","Référence des composants visuels"
garage_manual_intro,"During power outages or system maintenance, follow these steps to open or close the gate manually.","En caso de cortes de electricidad o durante el mantenimiento del sistema, sigue estos pasos para abrir o cerrar la verja manualmente.","Volg bij stroomstoringen of systeemonderhoud deze stappen om de poort handmatig te openen of te sluiten.","En cas de coupure de courant ou d&#x27;intervention de maintenance sur le système, suivez ces étapes pour ouvrir ou fermer le portail manuellement."
garage_manual_title,"Emergency Manual Opening Instructions","Instrucciones para la apertura manual de emergencia","Instructies voor het handmatig openen in noodgevallen","Instructions d&#x27;ouverture manuelle en cas d&#x27;urgence"
garage_page_subtitle,"Nice Spin motor operation, emergency manual override, visual guide, and key fob programming.","Funcionamiento del motor «Nice Spin», control manual de emergencia, guía visual y programación del mando a distancia.","Soepele werking van de Spin-motor, handmatige noodbediening, visuele handleiding en programmering via de sleutelhanger.","Fonctionnement du moteur « Nice Spin », commande manuelle d&#x27;urgence, guide visuel et programmation du télécommande."
garage_page_title,"Garage & Gate Access","Acceso al garaje y a la verja","Toegang tot garage en poort","Accès au garage et au portail"
garage_photo_1_desc,"Frame & Manual Lock Bolt<br />Inside frame showing the manual slide bolt (top) and steel lifting handle (lower section).","Marco y pestillo<br />manual Interior del marco, en el que se aprecia el pestillo manual (parte superior) y la manilla de acero para levantar (parte inferior).","Kozijn en handbediende vergrendelingsgrendel<br />Binnenkant van het kozijn met de handbediende schuifgrendel (boven) en de stalen tilgreep (onder).","Cadre et verrou<br />manuel Intérieur du cadre montrant le verrou coulissant manuel (en haut) et la poignée de levage en acier (en bas)."
garage_photo_2_desc,"Carriage & Release Cord<br />Overhead track showing the drive carriage, towing arm, and black pull-cord release toggle.","Carro y cordón<br />de liberación. Carril aéreo en el que se aprecian el carro de accionamiento, el brazo de arrastre y la palanca de liberación con cordón de tracción negro.","Slede en ontgrendelingskoord<br />: Bovenrail met de aandrijfslede, de trekarm en de zwarte ontgrendelingshendel met trekkoord.","Chariot et cordon<br />de déverrouillage : rail aérien présentant le chariot d&#x27;entraînement, le bras de remorquage et le levier de déverrouillage à cordon noir."
garage_photo_3_desc,"Overhead Motor Unit<br />Nice Spin motor assembly mounted on the ceiling directly above the driveway entrance.","Unidad<br />motora suspendida: conjunto del motor Nice Spin instalado en el techo, justo encima de la entrada del garaje.","Bovenliggende motoreenheid<br />: Nice Spin-motoreenheid, gemonteerd aan het plafond direct boven de oprit.","Unité<br />motrice suspendue : ensemble moteur Nice Spin fixé au plafond, directement au-dessus de l&#x27;entrée de l&#x27;allée."
garage_step1_text,"Inspect the inside frame of the door panel (Photo 1). Ensure the manual steel slide bolt is fully pulled back (unlocked). If engaged into the track, the gate cannot move.","Inspecciona el marco interior del panel de la puerta (Foto 1). Asegúrate de que el cerrojo manual de acero esté completamente echado hacia atrás (desbloqueado). Si está enganchado en la guía, la puerta no se puede mover.","Controleer het binnenframe van het deurpaneel (foto 1). Zorg ervoor dat de handmatige stalen schuifgrendel volledig is teruggetrokken (ontgrendeld). Als deze in de geleider zit, kan de poort niet bewegen.","Inspectez le cadre intérieur du panneau de porte (photo 1). Assurez-vous que le verrou coulissant manuel en acier est complètement tiré vers l&#x27;arrière (déverrouillé). S&#x27;il est enclenché dans la glissière, le portail ne peut pas bouger."
garage_step1_title,"Check the Frame Lock Bolt","Comprueba el perno de bloqueo del bastidor","Controleer de framevergrendelingsbout","Vérifiez le boulon de verrouillage du châssis"
garage_step2_text,"Locate the black ball hanging from the overhead track (Photo 2). Pull the ball straight down firmly until you hear a clear click to uncouple the door from the motor belt.","Localiza la bola negra que cuelga del riel superior (Foto 2). Tira de la bola con firmeza hacia abajo hasta que oigas un clic claro para desacoplar la puerta de la correa del motor.","Zoek de zwarte kogel die aan de bovenrail hangt (foto 2). Trek de kogel stevig recht naar beneden totdat u een duidelijke klik hoort, om de deur los te koppelen van de motorriem.","Repérez la boule noire suspendue au rail supérieur (photo 2). Tirez fermement la boule vers le bas jusqu’à ce que vous entendiez un clic net, afin de désaccoupler la porte de la courroie du moteur."
garage_step2_title,"Disengage the Motor Drive","Desconectar el accionamiento del motor","Schakel de motoraandrijving uit","Désactiver l&#x27;entraînement du moteur"
garage_step3_text,"Grasp the metal handle on the lower door panel (Photo 1) to lift or lower the gate smoothly along its side tracks by hand.","Sujete el tirador metálico situado en el panel inferior de la puerta (foto 1) para subir o bajar la puerta manualmente de forma suave a lo largo de sus guías laterales.","Pak de metalen handgreep op het onderste deurpaneel vast (foto 1) om het hek met de hand soepel langs de zijrails omhoog of omlaag te bewegen.","Saisissez la poignée métallique située sur le panneau inférieur de la porte (photo 1) pour relever ou abaisser le portail en douceur à la main, en le faisant coulisser le long de ses rails latéraux."
garage_step3_title,"Lift or Lower the Door","Subir o bajar la puerta","De deur omhoog of omlaag brengen","Relever ou abaisser la porte"
garage_step4_text,"Once power is restored, pull the release cord back towards the motor unit or press your key fob. The carriage will re-latch automatically onto the drive belt.","Una vez restablecida la corriente, tira del cordón de liberación hacia la unidad del motor o pulsa el mando a distancia. El carro se volverá a enganchar automáticamente a la correa de transmisión.","Zodra de stroom weer is hersteld, trekt u het ontgrendelingskoord terug in de richting van de motor of drukt u op uw afstandsbediening. De loopwagen wordt dan automatisch weer vastgeklikt op de aandrijfriem.","Une fois le courant rétabli, tirez la cordelette de déverrouillage vers le bloc moteur ou appuyez sur votre télécommande. Le chariot se verrouillera automatiquement sur la courroie d&#x27;entraînement."
garage_step4_title,"Re-engage Automatic Mode","Reactivar el modo automático","De automatische modus opnieuw inschakelen","Réactiver le mode automatique"
garage_system_desc,"The main entrance to the underground car park is operated by a ceiling-mounted Nice Spin motor running along an overhead rail.","La entrada principal al aparcamiento subterráneo está accionada por un motor Nice Spin instalado en el techo, que se desplaza a lo largo de un carril aéreo.","De hoofdingang van de ondergrondse parkeergarage wordt aangedreven door een aan het plafond gemonteerde Nice Spin-motor die langs een bovenliggende rail loopt.","L&#x27;entrée principale du parking souterrain est actionnée par un moteur Nice Spin fixé au plafond, qui se déplace le long d&#x27;un rail aérien."
garage_system_receiver,"When you press your key fob, it sends a secure signal to a central control receiver located inside the locked communal plant room. The motor simply lifts and lowers the door—all fob permissions and security codes are stored and managed inside that central control unit.","Al pulsar el mando a distancia, este envía una señal segura a un receptor de control central situado en el cuarto de máquinas comunitario, que está cerrado con llave. El motor se limita a subir y bajar la puerta; todos los permisos de los mandos y los códigos de seguridad se almacenan y gestionan en esa unidad de control central.","Wanneer u op uw sleutelhanger drukt, wordt er een beveiligd signaal verzonden naar een centrale ontvanger die zich in de afgesloten gemeenschappelijke technische ruimte bevindt. De motor brengt de deur eenvoudig omhoog en omlaag — alle machtigingen voor de sleutelhanger en beveiligingscodes worden opgeslagen en beheerd in die centrale besturingseenheid.","Lorsque vous appuyez sur votre télécommande, celle-ci envoie un signal sécurisé à un récepteur de contrôle central situé à l&#x27;intérieur du local technique commun verrouillé. Le moteur se charge simplement de lever et d&#x27;abaisser la porte : toutes les autorisations liées aux télécommandes et tous les codes de sécurité sont stockés et gérés au sein de cette unité de contrôle centrale."
garage_system_title,"How the Garage Gate Works","Cómo funciona la puerta del garaje","Hoe de garagedeur werkt","Fonctionnement de la porte de garage"
garage_warning_text,"Pull the release cord straight down only. Never pull horizontally or drag the door using the cord, as sideways pulling will break the internal release mechanism.","Tira del cordón de apertura únicamente hacia abajo. Nunca tires de él en horizontal ni arrastres la puerta con el cordón, ya que tirar de él lateralmente romperá el mecanismo de apertura interno.","Trek het ontgrendelingskoord uitsluitend recht naar beneden. Trek nooit horizontaal aan het koord en sleep de deur er nooit mee voort, aangezien zijdelings trekken het interne ontgrendelingsmechanisme zal beschadigen.","Tirez la cordelette de déverrouillage uniquement vers le bas. Ne tirez jamais horizontalement et ne faites jamais glisser la porte à l&#x27;aide de la cordelette, car une traction latérale endommagerait le mécanisme de déverrouillage interne."
garage_warning_title,"CRITICAL WARNING","ADVERTENCIA DE IMPORTANCIA CRÍTICA","BELANGRIJKE WAARSCHUWING","AVERTISSEMENT IMPORTANT"
insurance_pdf,"Insurance Document (PDF)","Documento del seguro (PDF)","Verzekeringsdocument (PDF)","Document d'assurance (PDF)"
insurance_text,"The official building insurance document for Mirador del Mar.","El documento oficial del seguro de Mirador del Mar.","Het officiële verzekeringsdocument van Mirador del Mar.","Le document officiel de l'assurance de Mirador del Mar."
insurance_title,"Building Insurance","Seguro del Edificio","Gebouwverzekering","Assurance de la Résidence"
internet_capacity,"Splitter capacity: 1:8 Distribution box (Up to 8 active users)","Capacidad del splitter: Caja de distribución 1:8 (Hasta 8 usuarios activos)","Capaciteit splitter: Distributiekast 1:8 (Tot 8 actieve gebruikers)","Capacité du répartiteur : Boîte de distribution 1:8 (Jusqu'à 8 utilisateurs actifs)"
internet_gallery_title,"Installation Reference Photos","Fotos de Referencia de la Instalación","Referentiefoto's van de Installatie","Photos de Référence de l'Installation"
internet_guide_intro,"Follow these steps and references to deploy a new subscriber fibre line in the building:","Siga estos pasos y referencias para desplegar una nueva línea de fibra de abonado en el edificio:","Volg deze stappen en referenties om een nieuwe glasvezelverbinding aan te leggen in het gebouw:","Suivez ces étapes et références pour déployer une nouvelle ligne de fibre optique pour un abonné dans l'immeuble :"
internet_guide_title,"Fibre Installation Guide (For Engineers)","Guía de Instalación de Fibra (Para Técnicos)","Installatiegids Glasvezel (Voor Techniekers)","Guide d'Installation de la Fibre (Pour les Techniciens)"
internet_photo_1,"Main technical room - Distribution box (Closed)","Sala técnica principal - Caja de distribución (Cerrada)","Hoofdtechnische ruimte - Distributiekast (Gesloten)","Local technique principal - Boîtier de distribution (Fermé)"
internet_photo_2,"Avanza 1:8 Splitter / Distributor (Open panel)","Distribuidor 1:8 de Avanza (Panel abierto)","1:8 Verdeler van Avanza (Open paneel)","Répartiteur 1:8 d'Avanza (Panneau ouvert)"
internet_photo_3,"Floor technical cupboard and apartment entry point","Armario técnico de planta y punto de entrada al apartamento","Technische verdiepingskast en toegangspunt tot het appartement","Armoire technique d'étage et point d'entrée de l'appartement"
internet_photo_4,"White ceiling distribution box in the car park (basement level -1, near the lift)","Caja de distribución blanca en el techo del garaje (planta -1, cerca del ascensor)","Witte distributiekast aan het plafond in de garage (verdieping -1, nabij de lift)","Boîtier de distribution blanc au plafond du garage (niveau -1, près de l'ascenseur)"
internet_photo_lbl_1,"Photo 1:","Foto 1:","Foto 1:","Photo 1 :"
internet_photo_lbl_2,"Photo 2:","Foto 2:","Foto 2:","Photo 2 :"
internet_photo_lbl_3,"Photo 3:","Foto 3:","Foto 3:","Photo 3 :"
internet_photo_lbl_4,"Photo 4:","Foto 4:","Foto 4:","Photo 4 :"
internet_provider_title,"Provider Details","Detalles del Proveedor","Gegevens Leverancier","Détails du Fournisseur"
internet_step_1,"Accessing the main technical room: Fibre cables enter the building at the far end of the underground car park (basement level -1). The room is locked. Keys are held by Rudi (App 3B, Mobile: +32488421402) or Francisca (App 3A|4A, WhatsApp only: +34677549202).","Acceso a la sala técnica principal: Las fibras entran al edificio al final del garaje subterráneo (planta -1). La sala está cerrada. Las llaves las tienen Rudi (App 3B, Móvil: +32488421402) o Francisca (App 3A|4A, solo WhatsApp: +34677549202).","Toegang tot de hoofdtechnische ruimte: De glasvezelkabels komen het gebouw binnen aan het einde van de ondergrondse garage (verdieping -1). De ruimte is afgesloten. De sleutels zijn in bezit van Rudi (App 3B, Gsm: +32488421402) of Francisca (App 3A|4A, enkel WhatsApp: +34677549202).","Accès au local technique principal : Les fibres entrent dans le bâtiment au fond du garage souterrain (niveau -1). Le local est fermé. Les clés sont détenues par Rudi (App 3B, Mobile : +32488421402) ou Francisca (App 3A|4A, WhatsApp uniquement : +34677549202)."
internet_step_2,"Connecting to the distribution box: Fibre distribution boxes are located on the right-hand wall of the technical room. Avanza Fibra uses a 1:8 distribution box. (See Photos 1 and 2)","Conexión a la caja de distribución: En la pared derecha de la sala técnica se encuentran las cajas de distribución de fibra. Avanza Fibra utiliza una caja de distribución 1:8. (Ver Fotos 1 y 2)","Aansluiting op de distributiekast: Aan de rechtermuur van de technische ruimte bevinden zich de glasvezeldistributiekasten. Avanza Fibra gebruikt een 1:8 distributiekast. (Zie Foto 1 en 2)","Connexion au boîtier de distribution : Les boîtiers de distribution de fibre se trouvent sur le mur droit du local technique. Avanza Fibra utilise un boîtier de distribution 1:8. (Voir Photos 1 et 2)"
internet_step_3,"Routing from floor riser cupboards: The simplest deployment route starts at the technical riser cupboard located on each floor (behind the square white door on the left-hand wall next to the lift). Note: The cupboard doors on floors 2 and 3 are currently broken. Once repaired, the key will be kept on the new key ring in the underground car park.","Enrutamiento desde los armarios de planta: El camino de despliegue más sencillo comienza en el armario técnico ubicado en cada planta (detrás de la puerta cuadrada blanca en la pared izquierda junto al ascensor). Nota: Las puertas de los armarios de las plantas 2 y 3 están actualmente rotas. Una vez reparadas, la llave estará en el nuevo llavero del garaje subterráneo.","Routering vanuit de verdiepingskasten: Het eenvoudigste installatiepad begint bij de technische kast op elke verdieping (achter de vierkante witte deur aan de linker muur naast de lift). Opmerking: De deuren van de kasten op verdieping 2 en 3 zijn momenteel stuk. Eens hersteld, zal de sleutel zich in de nieuwe sleutelhanger in de ondergrondse garage bevinden.","Cheminement depuis les armoires d'étage : Le chemin de déploiement le plus simple commence par l'armoire technique située sur chaque palier (derrière la porte carrée blanche sur le mur gauche à côté de l'ascenseur). Remarque : Les portes des armoires des étages 2 et 3 sont actuellement cassées. Une fois réparées, la clé se trouvera dans le nouveau porte-clés du garage souterrain."
internet_step_4,"Pulling the cable down: The engineer must guide the fibre cable down from the floor riser cupboard to the car park level (-1). Open the white ceiling box located to the left of the lift (See Photo 4). From this point, the cable route leads directly into the main technical room containing the distribution boxes.","Tirar del cable hacia abajo: El técnico debe guiar el cable de fibra desde el armario de planta hacia abajo hasta la planta del garaje (-1). Abra la caja blanca del techo situada a la izquierda del ascensor (Ver Foto 4). Desde este punto, el camino del cable entra directamente a la sala técnica principal que contiene las cajas de distribución.","De kabel naar beneden trekken: De technieker moet de glasvezelkabel van de verdiepingskast naar beneden leiden naar de garageverdieping (-1). Open de witte plafondkast links van de lift (Zie Foto 4). Vanaf dit punt loopt het kabeltraject rechtstreeks naar de hoofdtechnische ruimte met de distributiekasten.","Tirer le câble vers le bas : Le technicien doit guider le câble de fibre de l'armoire d'étage vers le bas jusqu'au niveau du parking (-1). Ouvrez le boîtier blanc au plafond situé à gauche de l'ascenseur (Voir Photo 4). Depuis ce point, le cheminement du câble entre directement dans le local technique principal contenant les boîtiers de distribution."
internet_step_5,"Connection inside the apartment: The subscriber-side end of the fibre enters the apartment directly through the concealed technical media box located near the main front door (See Photo 3).","Conexión dentro del apartamento: El extremo de la fibra del lado del abonado va directamente al apartamento. Entra a través del armario técnico oculto situado cerca de la puerta principal del apartamento (Ver Foto 3).","Aansluiting binnen het appartement: Het uiteinde van de glasvezel aan abonneezijde komt rechtstreeks in het appartement binnen via de verborgen technische kast nabij de voordeur (Zie Foto 3).","Raccordement à l'intérieur de l'appartement : L'extrémité de la fibre côté abonné arrive directement dans l'appartement. Elle pénètre par l'armoire technique cachée située près de la porte d'entrée de l'appartement (Voir Photo 3)."
internet_text,"Information regarding internet infrastructure, full fibre connections, routers and provider details.","Información sobre la infraestructura de internet, conexiones de fibra, routers y detalles del proveedor.","Informatie over de internetinfrastructuur, glasvezelverbindingen, routers en gegevens van de provider.","Informations sur l'infrastructure internet, les connexions fibre, les routeurs et les détails du fournisseur."
internet_title,"Internet and Telecoms","Internet y Telecomunicaciones","Internet en Telecom","Internet et Télécommunications"
internet_type,"Connection type: Full Fibre (FTTH)","Tipo de conexión: Fibra óptica (FTTH)","Verbindingstype: Glasvezel (FTTH)","Type de connexion : Fibre optique (FTTH)"
keys_contacts_title,"1. Key & Locksmith Contacts","","",""
keys_elec_holder,"Key holder: Building Property Manager","Responsable de llave: Administrador del edificio","Sleutelbeheerder: Syndicus van het gebouw","Responsable de la clé : Syndic de l'immeuble"
keys_elec_loc,"Location: Ground floor, next to the main entrance","Ubicación: Planta baja, junto a la entrada principal","Locatie: Gelijkvloers, naast de hoofdingang","Emplacement : Rez-de-chaussée, près de l'entrée principale"
keys_elec_purpose,"Purpose: Main electrical panels, circuit breakers and meters","Propósito: Cuadros eléctricos principales, interruptores y contadores","Doel: Hoofdstroomkasten, schakelaars en meters","Rôle : Tableaux électriques principaux, disjoncteurs et compteurs"
keys_elec_title,"Electricity Plant Room","Sala de Electricidad","Elektratentruimte","Local Électrique"
keys_locksmith_email,"Email: munozcerrajeros@gmail.com","Correo electrónico: munozcerrajeros@gmail.com","E-mail: munozcerrajeros@gmail.com","E-mail : munozcerrajeros@gmail.com"
keys_locksmith_hours,"Service: 24h / 7","Servicio: 24 horas al día, 7 días a la semana","Service: 24 uur per dag, 7 dagen per week","Service : 24 h/24, 7 j/7"
keys_locksmith_name,"Muñoz Cerrajeros","Muñoz Cerrajeros","Muñoz Slotenmakers","Muñoz Serruriers"
keys_locksmith_phone,"Phone: +34 622 68 68 77","Teléfono: +34 622 68 68 77","Telefoon: +34 622 68 68 77","Téléphone : +34 622 68 68 77"
keys_locksmith_title,"Local Locksmith (24h)","Cerrajero local (24 horas)","Lokale slotenmaker (24 uur per dag)","Serrurier local (24h/24)"
keys_locksmith_whatsapp,"WhatsApp: +34 622 68 68 77","","",""
keys_manager_contact_francisca,"Key Holder (App 3A/4A - Francisca): +34 677 549 202 (WhatsApp only)","","",""
keys_manager_contact_rudi,"Key Holder (App 3B - Rudi): +32 488 421 402","","",""
keys_manager_name,"Building Management (Vera)","","",""
keys_manager_title,"Property Management & Technical Key Holders","","",""
keys_page_subtitle,"Emergency contacts, locksmith details, and locations of technical cabinets and key holders.","","",""
keys_page_title,"Keys & Access","","",""
keys_tech_intro,"Exact locations and key access for all building technical systems.","","",""
keys_tech_title,"2. Technical Cabinets & Infrastructure","","",""
keys_tel_holder,"Key holder: Telecom provider + Property Manager","Responsable de llave: Proveedor de telecomunicaciones + Administrador","Sleutelbeheerder: Telecomprovider + Syndicus","Responsable de la clé : Fournisseur télécom + Syndic"
keys_tel_loc,"Location: First-floor service corridor","Ubicación: Pasillo de servicio de la primera planta","Locatie: Servicegang op de eerste verdieping","Emplacement : Couloir de service du premier étage"
keys_tel_purpose,"Purpose: Fibre distribution, telephone lines and network equipment","Propósito: Distribución de fibra, líneas telefónicas y equipos de red","Doel: Glasvezelverdeling, telefoonlijnen en netwerkapparatuur","Rôle : Distribution de la fibre, lignes téléphoniques et équipements réseau"
keys_tel_title,"Telecommunications Room","Sala de Telecomunicaciones","Telecomruimte","Local Télécommunications"
keys_water_holder,"Key holder: Building Property Manager","Responsable de llave: Administrador del edificio","Sleutelbeheerder: Syndicus van het gebouw","Responsable de la clé : Syndic de l'immeuble"
keys_water_loc,"Location: Basement level","Ubicación: Planta sótano","Locatie: Kelderverdieping","Emplacement : Sous-sol"
keys_water_purpose,"Purpose: Main water shut-off valves, booster pump set and meters","Propósito: Válvulas principales de agua, grupo de presión y contadores","Doel: Hoofdwaterkranen, drukverhogingsgroep en meters","Rôle : Vannes d'arrêt principales, surpresseur et compteurs"
keys_water_title,"Water Plant Room","Sala de Agua","Waterruimte","Local Technique Eau"
maintenance_cleaning,"Cleaning schedule: (Add details)","Horario de limpieza: (Añadir detalles)","Schoonmaakrooster: (Details toevoegen)","Horaires de nettoyage : (Ajouter les détails)"
maintenance_company,"Responsible contractor: (Add name)","Empresa responsable: (Añadir nombre)","Verantwoordelijk bedrijf: (Naam toevoegen)","Entreprise responsable : (Ajouter le nom)"
maintenance_garden,"Garden maintenance: (Add details)","","",""
maintenance_loc,"Maintenance room: (Add details)","Sala de mantenimiento: Planta de aparcamiento","Onderhoudsruimte: Parkeerverdieping","Local de maintenance : Niveau du parking"
maintenance_pool,"Pool maintenance: José +34 691 66 22 67","Mantenimiento de piscinas: José +34 691 66 22 67","Zwembadonderhoud: José +34 691 66 22 67","Entretien de piscine : José +34 691 66 22 67"
maintenance_text,"General maintenance information for Mirador del Mar.","Información general de mantenimiento para Mirador del Mar.","Algemene onderhoudsinformatie voor Mirador del Mar.","Informations générales sur la maintenance pour Mirador del Mar."
maintenance_title,"Maintenance","Mantenimiento","Onderhoud","Maintenance"
nav_about,"About","Acerca de","Over","À propos"
nav_contacts,"Contacts","Contactos","Contacten","Contacts"
nav_documents,"Documents","Documentos","Documenten","Documents"
nav_electricity,"Electricity","Electricidad","Elektriciteit","Électricité"
nav_emergency,"Emergency","Emergencia","Noodsituatie","Urgence"
nav_garage,"Garage & Gate","Garaje y verja","Garage &amp; Poort","Garage et portail"
nav_home,"Home","Inicio","Start","Accueil"
nav_insurance,"Insurance","Seguro","Verzekering","Assurance"
nav_internet,"Internet","Internet","Internet","Internet"
nav_keys,"Keys & Access","Llaves técnicas","Technische sleutels","Clés techniques"
nav_maintenance,"Maintenance","Mantenimiento","Onderhoud","Maintenance"
nav_water,"Water","Agua","Water","Eau"
tech_freq_label,"Frequency:","","",""
tech_freq_text,"Operates on standard 433.92 MHz radio frequency.","","",""
tech_memory_label,"Memory Registration:","","",""
tech_memory_text,"Because of the rolling code protocol, remotes cannot simply be cloned over the air; they must be explicitly programmed into the central receiver's memory database.","","",""
tech_rolling_label,"Rolling Code Security:","","",""
tech_rolling_text,"Each button press generates a unique encrypted code using a rotating counter. This prevents code-grabbing and replay attacks.","","",""
tech_system_intro,"For a quick technical look at how the remotes and gate communicate:","Para obtener una breve descripción técnica de cómo se comunican los mandos a distancia y la barrera:","Hier volgt een kort technisch overzicht van hoe de afstandsbedieningen en de poort met elkaar communiceren:","Pour un aperçu technique rapide du fonctionnement de la communication entre les télécommandes et le portail :"
tech_system_title,"Technical Overview: Nice & Rolling Code System","Descripción técnica: Sistema «Nice &amp; Rolling Code»","Technisch overzicht: Nice &amp; Rolling Code-systeem","Présentation technique : Système « Nice &amp; Rolling Code »"
title,"Mirador del Mar – Palomares","Mirador del Mar – Palomares","Mirador del Mar – Palomares","Mirador del Mar – Palomares"
water_announcements,"Official Outages and Emergency Repairs: Scheduled service interruptions and emergency repair notices are published directly on Galasa's dedicated supply updates webpage: <a href=""https://www.galasa.es/interrupciones-suministro"" target=""_blank"">www.galasa.es/interrupciones-suministro</a>","Cortes oficiales y reparaciones de emergencia: Las interrupciones programadas del servicio y los avisos de reparaciones de emergencia se publican directamente en la página web de Galasa dedicada a las actualizaciones sobre el suministro: <a href=""https://www.galasa.es/interrupciones-suministro"" target=""_blank"">www.galasa.es/interrupciones-suministro</a>","Officiële stroomonderbrekingen en noodreparaties: Aankondigingen van geplande stroomonderbrekingen en noodreparaties worden rechtstreeks gepubliceerd op de speciale webpagina van Galasa met updates over de stroomvoorziening: <a href=""https://www.galasa.es/interrupciones-suministro"" target=""_blank"">www.galasa.es/interrupciones-suministro</a>","Coupures de courant officielles et réparations d&#x27;urgence : les interruptions de service programmées et les avis de réparations d&#x27;urgence sont publiés directement sur la page Web dédiée aux mises à jour sur l&#x27;approvisionnement de Galasa : <a href=""https://www.galasa.es/interrupciones-suministro"" target=""_blank"">www.galasa.es/interrupciones-suministro</a>"
water_boiler_danger,"DANGER - 230V Electrical Risk: The reset button is located adjacent to live electrical terminals. Never attempt to open this cover yourself. Always ensure a qualified person or certified electrician carries out this check. If you encounter issues, contact our local plumber via WhatsApp (Spanish/English) on +34 666 70 19 80 (closed at weekends).","PELIGRO - Riesgo Eléctrico de 230V: El botón de rearme se encuentra junto a terminales eléctricos con corriente. Nunca intente abrir esta tapa usted mismo. Asegúrese de que una persona cualificada o un electricista certificado se encargue de ello. En caso de problemas, contacte con nuestro fontanero local por WhatsApp (español/inglés) al +34 666 70 19 80 (cerrado los fines de semana).","GEVAAR - Elektrisch Risico van 230V: De resetknop bevindt zich dicht bij stroomvoerende elektrische klemmen. Probeer dit deksel nooit zelf te openen. Laat dit steeds uitvoeren door een gekwalificeerd persoon of gecertificeerd elektricien. Contacteer bij problemen onze lokale loodgieter via WhatsApp (Spaans/Engels) op +34 666 70 19 80 (gesloten in het weekend).","DANGER - Risque Électrique de 230V : Le bouton de réarmement se trouve à proximité de bornes électriques sous tension. N'essayez jamais d'ouvrir ce cache vous-même. Veillez à confier cette intervention à une personne qualifiée ou à un électricien certifié. En cas de problème, contactez notre plombier local par WhatsApp (espagnol/anglais) au +34 666 70 19 80 (fermé le week-end)."
water_boiler_preventive,"Preventative Measure: To eliminate all risk, it is strongly advised to unplug or fully isolate the water heater from the electrical mains as soon as you notice a water cut.","Medida Preventiva: Para eliminar todo riesgo, se recomienda encarecidamente desenchufar o aislar completamente el termo de la red eléctrica tan pronto como note un corte de agua.","Preventieve Maatregel: Om elk risico te vermijden, wordt ten sterkste aanbevolen om de boiler onmiddellijk uit het stopcontact te trekken of volledig spanningsvrij te maken zodra u een wateronderbreking opmerkt.","Mesure Préventive : Pour éliminer tout risque, il est fortement recommandé de débrancher ou d'isoler complètement le chauffe-eau du réseau électrique dès que vous constatez une coupure d'eau."
water_boiler_reset,"Has your water heater stopped working? Do not replace it yet: If the immersion heater fails to heat up after the water is restored but shows no physical leaks, never agree to replace the entire unit straight away. In most cases, the thermal safety cut-out switch has tripped. There is a red safety reset button located behind the bottom access panel.","¿El termo dejó de funcionar? No lo reemplace todavía: Si el termo no calienta después de restablecerse el agua pero no presenta fugas físicas, nunca acepte reemplazar la unidad completa de inmediato. En la mayoría de los casos, se ha disparado el interruptor de seguridad térmica. Hay un botón rojo de rearme de seguridad situado detrás de la tapa inferior.","Werkt de boiler niet meer? Vervang hem nog niet: Als de boiler niet opwarmt nadat het water is teruggekeerd en er geen fysiek lek is, accepteer dan nooit om het volledige toestel onmiddellijk te vervangen. Meestal is de thermische veiligheidsschakelaar geactiveerd. Er bevindt zich een rode veiligheidsresetknop achter het onderstedeksel.","Le chauffe-eau ne fonctionne plus ? Ne le remplacez pas encore : Si le chauffe-eau ne chauffe plus après le rétablissement de l'eau mais ne présente pas de fuite physique, n'acceptez jamais de remplacer l'appareil complet immédiatement. Dans la plupart des cas, le disjoncteur de sécurité thermique s'est déclenché. Il y a un bouton de réarmement de sécurité rouge situé derrière le cache inférieur."
water_boiler_risk,"Never draw hot water during an outage: Using hot water while the mains supply is cut can drain your electric water cylinder. This can cause dry firing and critical overheating of the internal heating elements.","Nunca consuma agua caliente durante un corte: Usar agua caliente mientras el suministro principal está cortado puede vaciar su termo eléctrico. Esto puede provocar el encendido en seco y un sobrecalentamiento crítico de las resistencias internas.","Verbruik nooit warm water tijdens een onderbreking: Warm water gebruiken terwijl de hoofdtoevoer is afgesloten kan uw elektrische boiler leegmaken. Dit kan leiden tot droogkoken en een kritieke oververhitting van de interne weerstanden.","Ne consommez jamais d'eau chaude pendant une coupure : Utiliser de l'eau chaude pendant que l'alimentation principale est coupée peut vider votre chauffe-eau électrique. Cela peut provoquer un fonctionnement à sec et une surchauffe critique des résistances internes."
water_critical_warning,"CRITICAL WARNING FOR ELECTRIC WATER HEATERS (IMMERSION HEATERS / CYLINDERS):","ADVERTENCIA CRÍTICA PARA TERMOS ELÉCTRICOS (CALENTADORES DE AGUA):","KRITISCHE WAARSCHUWING VOOR ELEKTRISCHE BOILERS (WATERVERWARMERS):","AVERTISSEMENT CRITIQUE POUR LES CHAUFFE-EAU ÉLECTRIQUES (CUMULUS) :"
water_emergency_intro,"If you detect or suspect a water leak, immediately follow these instructions based on the location:","Si detecta o sospecha una fuga de agua, siga inmediatamente estas instrucciones según la ubicación:","Indien u een waterlek opmerkt of vermOedt, volg dan onmiddellijk deze instructies naargelang de locatie:","Si vous détectez ou suspectez une fuite d'eau, suivez immédiatement ces instructions selon l'emplacement :"
water_emergency_title,"Emergency Procedure: In the Event of a Water Leak","Procedimiento de Emergencia: En Caso de Fuga de Agua","Noodprocedure: In Geval van een Waterlek","Procédure d'Urgence : En Cas de Fuite d'Eau"
water_gallery_title,"Reference Photos of Equipment and Incidents","Fotos de Referencia de Equipos e Incidentes","Referentiefoto's van Apparatuur en Incidenten","Photos de Référence des Équipements et Incidents"
water_leak_apartment_text,"In the event of a leak inside an apartment, immediately isolate the water supply directly within the flat using the main internal stopcock (usually located inside the immersion heater/cylinder cupboard; see Photo 6). If that valve is inaccessible, stuck or does not resolve the leak, go to the main water cabinet at the entrance (see Photo 1), open the door using the key safe and shut off the individual isolation valve for your apartment labelled 1A to 4D (see Photo 4).","En caso de fuga dentro de un apartamento, aísle inmediatamente el suministro de agua directamente dentro de la vivienda usando la llave de paso interna principal (normalmente situada dentro del armario del termo; ver Foto 6). Si esa válvula es inaccesible, está atascada o no resuelve la fuga, acuda al armario principal de agua en la entrada (ver Foto 1), abra la puerta con la caja de llaves y cierre la llave de paso individual de su apartamento etiquetada de 1A a 4D (ver Foto 4).","Bij een lek binnenshuis sluit u de watertoevoer onmiddellijk af via de hoofdkraan in de woning (meestal in de kast van de boiler; zie Foto 6). Indien die kraan niet bereikbaar of defect is, ga dan naar de hoofdwaterkast aan de ingang (zie Foto 1), open de deur met de sleutelkluis en sluit de individuele kraan van uw appartement, aangeduid van 1A tot 4D (zie Foto 4).","En cas de fuite à l'intérieur d'un appartement, coupez immédiatement l'alimentation en eau directement dans le logement à l'aide de la vanne d'arrêt intérieure principale (généralement située dans le placard du chauffe-eau ; voir Photo 6). Si cette vanne est inaccessible, bloquée ou ne résout pas la fuite, rendez-vous à l'armoire principale d'eau à l'entrée (voir Photo 1), ouvrez la porte à l'aide de la boîte à clés et fermez la vanne d'arrêt individuelle de votre appartement étiquetée de 1A à 4D (voir Photo 4)."
water_leak_apartment_title,"A) Leak INSIDE an Apartment","A) Fuga DENTRO de un Apartamento","A) Lek BINNEN een Appartement","A) Fuite À L'INTÉRIEUR d'un Appartement"
water_leak_general_text,"In the event of a major or general building leak requiring the main incoming supply to be isolated, go to the main water cabinet at the entrance (see Photo 2) and open the door using the key safe. Fully close the main blue isolation valve situated at the bottom left of the cabinet (circled in red on Photo 2; see also Photo 3).","En caso de una fuga mayor o general en el edificio que requiera aislar el suministro principal, acuda al armario principal de agua en la entrada (ver Foto 2) y abra la puerta con la caja de llaves. Cierre por completo la válvula de corte principal azul situada en la parte inferior izquierda del armario (marcada con un círculo rojo en la Foto 2; ver también Foto 3).","In geval van een groot of algemeen lek waarbij de hoofdtoevoer moet worden afgesloten, gaat u naar de hoofdwaterkast aan de ingang (zie Foto 2) en opent u de deur met de sleutelkluis. Sluit de blauwe hoofdafsluiter linksonder in de kast volledig (omcirkeld in het rood op Foto 2; zie tevens Foto 3).","En cas de fuite importante ou générale dans le bâtiment nécessitant d'isoler l'alimentation principale, rendez-vous à l'armoire principale d'eau à l'entrée (voir Photo 2) et ouvrez la porte avec la boîte à clés. Fermez complètement la vanne d'arrêt principale bleue située en bas à gauche de l'armoire (encerclée en rouge sur la Photo 2 ; voir aussi Photo 3)."
water_leak_general_title,"C) General Leak in the Building","C) Fuga General en el Edificio","C) Algemeen Lek in het Gebouw","C) Fuite Générale dans l'Immeuble"
water_leak_inside_text,"In the event of a leak in the internal communal areas of the building, go to the main water cabinet at the entrance and open the door using the key safe. Locate and close the isolation valve labelled '14 LOCAL' to cut off the supply to the common areas (see Photo 5). Note: If the leak affects the swimming pool, shut off the unlabelled pool supply valve situated on the bottom right of the cabinet (see Photo 7).","En caso de fuga en las zonas comunes internas del edificio, acuda al armario principal de agua en la entrada y abra la puerta con la caja de llaves. Localice y cierre la llave de paso etiquetada '14 LOCAL' para cortar el suministro de las zonas comunes (ver Foto 5). Nota: Si la fuga afecta a la piscina, cierre la válvula de suministro de la piscina no etiquetada situada en la parte inferior derecha del armario (ver Foto 7).","Bij een lek in de gemeenschappelijke ruimten gaat u naar de hoofdwaterkast aan de ingang en opent u de deur met de sleutelkluis. Zoek en sluit de kraan gelabeld '14 LOCAL' om de toevoer naar de gemeenschappelijke delen af te sluiten (zie Foto 5). Opmerking: Indien het lek het zwembad betreft, sluit dan de niet-gelabelde watertoevoerkraan rechtsonder in de kast (zie Foto 7).","En cas de fuite dans les parties communes intérieures du bâtiment, rendez-vous à l'armoire principale d'eau à l'entrée et ouvrez la porte avec la boîte à clés. Repérez et fermez la vanne d'arrêt étiquetée '14 LOCAL' pour couper l'alimentation des parties communes (voir Photo 5). Remarque : Si la fuite concerne la piscine, fermez la vanne d'alimentation de la piscine non étiquetée située en bas à droite de l'armoire (voir Photo 7)."
water_leak_inside_title,"B) Leak INSIDE the Building Communal Areas","B) Fuga DENTRO de la Zona Común del Edificio","B) Lek BINNEN de Gemeenschappelijke Ruimte van het Gebouw","B) Fuite À L'INTÉRIEUR des Parties Communes de l'Immeuble"
water_leak_outside_text,"If you notice a water leak on the street, pavement or main utility pipe outside the perimeter of the development:","Si se observa una fuga de agua en la calle, acera o tubería principal fuera del perímetro del edificio:","Indien u een waterlek opmerkt op straat, het trottoir of de hoofdleiding buiten de perimeter van het gebouw:","Si vous observez une fuite d'eau dans la rue, sur le trottoir ou sur une canalisation principale en dehors du périmètre de la résidence :"
water_leak_outside_title,"D) Leak OUTSIDE the Building","D) Fuga FUERA del Edificio","D) Lek BUITEN het Gebouw","D) Fuite HORS de l'Immeuble"
water_loc,"External, entrance to the underground car park, left-hand cabinet","En el exterior, entrada al garaje subterráneo, armario izquierdo","Buiten, ingang van de ondergrondse garage, linker kast","À l'extérieur, entrée du garage souterrain, armoire de gauche"
water_meter_type,"All installed water meters are traditional analogue mechanical units with no remote or smart reading capability. Before issuing each bill, a Galasa technician physically visits the main water cabinet to take manual readings on site.","Todos los contadores de agua instalados son unidades mecánicas analógicas sin capacidad de lectura remota o inteligente. Antes de emitir cada factura, un técnico de Galasa acude físicamente al armario principal de agua para leer cada contador in situ.","Alle geïnstalleerde watermeters zijn analoge mechanische eenheden zonder slimme of op afstand afleesbare functies. Vóór het opmaken van elke factuur komt een technieker van Galasa fysiek ter plaatse in de hoofdwaterkast om elke meter te controleren.","Tous les compteurs d'eau installés sont des unités mécaniques analogiques sans capacité de lecture à distance ou intelligente. Avant l'émission de chaque facture, un technicien de Galasa se rend physiquement à l'armoire principale d'eau pour relever chaque compteur sur place."
water_meters_count,"15 meters in total (13 for individual apartments labelled 1A to 4D, 1 for the communal area labelled '14 LOCAL' and 1 for the swimming pool)","15 contadores en total (13 para apartamentos individuales etiquetados entre 1A y 4D, 1 para la zona común etiquetado '14 LOCAL' y 1 para la piscina)","15 meters in totaal (13 voor individuele appartementen gelabeld van 1A tot 4D, 1 voor de gemeenschappelijke ruimte gelabeld '14 LOCAL' en 1 voor het zwembad)","15 compteurs au total (13 pour les appartements individuels étiquetés de 1A à 4D, 1 pour la partie commune étiqueté '14 LOCAL' et 1 pour la piscine)"
water_outdoor_taps,"External taps: The 7 external garden taps across the development are strictly reserved for communal area cleaning and garden maintenance. Private use is strictly prohibited.","Grifos exteriores: Los 7 grifos exteriores del complejo están estrictamente reservados para la limpieza de zonas comunes y el mantenimiento del jardín. No está permitido el uso privado.","Buitenkransen: De 7 buitenkranen van het complex zijn strikt voorbehouden voor het schoonmaken van de gemeenschappelijke delen en het tuinonderhoud. Privégebruik is ten strengste verboden.","Robinets extérieurs : Les 7 robinets extérieurs de la résidence sont strictement réservés au nettoyage des parties communes et à l'entretien des jardins. L'usage privé est formellement interdit."
water_photo_1,"Location of the Main Water Cabinet (Underground Car Park Entrance, Left-Hand Side)","Ubicación del Armario Principal de Agua (Entrada al Garaje Subterráneo, Lado Izquierdo)","Locatie van de Hoofdwaterkast (Ingang Ondergrondse Garage, Linkerkant)","Emplacement de l'Armoire Principale d'Eau (Entrée du Garage Souterrain, Côté Gauche)"
water_photo_2,"Interior of the Entrance Cabinet – Main Valve System","Interior del Armario en la Entrada – Sistema de Válvula Principal","Binnenkant van de Kast aan de Ingang – Hoofdkraansysteem","Intérieur de l'Armoire à l'Entrée – Système de Vanne Principale"
water_photo_3,"Main Blue Isolation Valve – Shut-off for General Building Leaks","Válvula Azul Principal – Corte para Fugas Generales del Edificio","Blauwe Hoofdkraan – Afsluiting voor Algemene Gebouwelekkages","Vanne Bleue Principale – Coupure pour Fuites Générales de l'Immeuble"
water_photo_4,"Water Meters and Individual Stopcocks (Labelled 1A to 4D)","Contadores de Agua y Llaves de Paso Individuales (Etiquetados de 1A a 4D)","Watermeters en Individuele Afsluiters (Gelabeld van 1A tot 4D)","Compteurs d'Eau et Vannes d'Arrêt Individuelles (Étiquetés de 1A à 4D)"
water_photo_5,"Communal Area Water Meter and Stopcock (Labelled '14 LOCAL')","Contador de Agua y Llave de Paso de Zona Común (Etiquetado '14 LOCAL')","Watermeter en Afsluiter voor Gemeenschappelijke Ruimte (Gelabeld '14 LOCAL')","Compteur d'Eau et Vanne d'Arrêt des Parties Communes (Étiqueté '14 LOCAL')"
water_photo_6,"Apartment Main Water Isolation Valve (Inside the Water Heater Cupboard)","Llave de Paso Principal de Agua del Apartamento (Dentro del Armario del Termo)","Hoofdkraan van het Appartement (In de Boilerkast)","Vanne d'Arrêt Principale de l'Appartement (À l'intérieur du Placard du Chauffe-eau)"
water_photo_7,"Swimming Pool Supply Valve and Tap (Unlabelled valve bottom right)","Válvula de Suministro y Grifo de la Piscina (Válvula Sin Etiquetar Abajo a la Derecha)","Toevoerkraan en Kraan van het Zwembad (Niet-gelabelde kraan rechtsonder)","Vanne d'Alimentation et Robinet de la Piscine (Vanne non étiquetée en bas à droite)"
water_photo_lbl_1,"Photo 1:","Foto 1:","Foto 1:","Photo 1 :"
water_photo_lbl_2,"Photo 2:","Foto 2:","Foto 2:","Photo 2 :"
water_photo_lbl_3,"Photo 3:","Foto 3:","Foto 3:","Photo 3 :"
water_photo_lbl_4,"Photo 4:","Foto 4:","Foto 4:","Photo 4 :"
water_photo_lbl_5,"Photo 5:","Foto 5:","Foto 5:","Photo 5 :"
water_photo_lbl_6,"Photo 6:","Foto 6:","Foto 6:","Photo 6 :"
water_photo_lbl_7,"Photo 7:","Foto 7:","Foto 7:","Photo 7 :"
water_plumber_hours,"Closed at weekends","Cerrado los fines de semana","Gesloten in het weekend","Fermé le week-end"
water_plumber_section_title,"Local Plumber","Fontanero Local","Lokale Loodgieter","Plombier Local"
water_pressure,"Located next to the meter bank","Ubicado junto al grupo de contadores","Gelegen naast de meterbatterij","Situé à côté de la batterie de compteurs"
water_provider_title,"Supplier Details","Detalles del Proveedor","Gegevens Leverancier","Détails du Fournisseur"
water_shutdown_intro,"Due to the age of the local water supply infrastructure in Palomares, temporary supply interruptions occur frequently. These outages can last anywhere from 1 to 12 hours. In most cases, you simply need to wait for the utility supply to be restored.","Debido a la antigüedad de la infraestructura de suministro de agua en Palomares, se producen cortes temporales con frecuencia. Las interrupciones pueden durar entre 1 y 12 horas. En la mayoría de los casos, simplemente hay que esperar a que se restablezca el suministro.","Door de verouderde watertoevoerinfrastructuur in Palomares komen tijdelijke onderbrekingen regelmatig voor. Deze kunnen 1 tot 12 uur duren. Meestal volstaat het om te wachten tot de dienstverlening wordt hersteld.","En raison de la vétusté de l'infrastructure de distribution d'eau à Palomares, des coupures temporaires se produisent fréquemment. Les interruptions peuvent durer de 1 à 12 heures. Dans la plupart des cas, il suffit d'attendre le rétablissement du service."
water_shutdown_title,"Procedure in the Event of a Mains Water Interruption (Water Cut)","Procedimiento en Caso de Corte General de Agua (Cortes de Agua)","Procedure bij een Algemene Wateronderbreking (Watercut)","Procédure en Cas de Coupure Générale d'Eau"
water_specs_title,"General Information","Información General","Algemene Informatie","Informations Générales"
water_step_outside,"Do not attempt to tamper with internal valves. Report the incident immediately to the Galasa emergency helpline on +34 950 39 12 00 and notify the property management team.","No intente manipular las válvulas internas. Informe inmediatamente del incidente a la línea de emergencia de Galasa al +34 950 39 12 00 y notifique a la administración del edificio.","Probeer de interne kranen niet te manipuleren. Meld het incident onmiddellijk aan de noodlijn van Galasa op +34 950 39 12 00 en verwittig het gebouwbeheer.","N'essayez pas de manipuler les vannes intérieures. Signalez immédiatement l'incident au service d'urgence de Galasa au +34 950 39 12 00 et prévenez l'administration de l'immeuble."
water_text,"Details concerning the water supply, main isolation valves, meters and emergency procedures.","Detalles sobre el suministro de agua, válvulas principales, contadores y procedimientos de emergencia.","Details over de watertoevoer, hoofdkranen, meters en noodprocedures.","Détails concernant l'alimentation en eau, les vannes principales, les compteurs et les procédures d'urgence."
water_title,"Water","Agua","Water","Eau"
water_valve,"Bottom left inside the water cabinet","Abajo a la izquierda dentro del armario de agua","Linksonder in de waterkast","En bas à gauche à l'intérieur de l'armoire d'eau"
welcome_sub,"Select a section to access information and documents.","Seleccione una sección para acceder a la información y documentos.","Selecteer een rubriek om de informatie en documenten te raadplegen.","Sélectionnez une section pour accéder aux informations et aux documents."
welcome_title,"Building Information Portal","Portal de Información del Edificio","Informatieportaal van het Gebouw","Portail d'Information de la Résidence"